[
  {
    "id": "1",
    "title": "Blue Floral Art Print",
    "description": "A stunning floral art print in shades of blue and green.",
    "category": "Art Prints",
    "price": 29.99,
    "currency": "BDT",
    "quantity": 15,
    "images": "../images/artPrints/1.jpg",
    "seller": {
      "name": "Artistic Creations",
      "rating": 4.9
    },
    "attributes": [
      {
        "name": "Color",
        "value": "Blue"
      },
      {
        "name": "Material",
        "value": "High-quality paper"
      }
    ],
    "shippingInfo": {
      "deliveryTime": "2-4 weeks",
      "shippingCost": 6.99
    }
  },
  {
    "id": "2",
    "title": "Abstract Geometric Print",
    "description": "An abstract geometric art print with vibrant colors.",
    "category": "Art Prints",
    "price": 35.99,
    "currency": "BDT",
    "quantity": 12,
    "images": "../images/artPrints/2.jpg",
    "seller": {
      "name": "Art Expressions",
      "rating": 4.7
    },
    "attributes": [
      {
        "name": "Color",
        "value": "Multicolor"
      },
      {
        "name": "Material",
        "value": "Canvas"
      }
    ],
    "shippingInfo": {
      "deliveryTime": "3-5 weeks",
      "shippingCost": 7.99
    }
  },
  {
    "id": "3",
    "title": "Vintage Floral Art Poster",
    "description": "A vintage-style art poster featuring classic floral patterns.",
    "category": "Art Prints",
    "price": 19.99,
    "currency": "BDT",
    "quantity": 20,
    "images": "../images/artPrints/3.jpg",
    "seller": {
      "name": "Artistic Visions",
      "rating": 4.8
    },
    "attributes": [
      {
        "name": "Color",
        "value": "Beige"
      },
      {
        "name": "Material",
        "value": "Paper"
      }
    ],
    "shippingInfo": {
      "deliveryTime": "2-3 weeks",
      "shippingCost": 5.99
    }
  },
  {
    "id": "4",
    "title": "Abstract Watercolor Artwork",
    "description": "An abstract watercolor art piece that adds a modern touch to your space.",
    "category": "Art Prints",
    "price": 27.99,
    "currency": "BDT",
    "quantity": 18,
    "images": "../images/artPrints/4.jpg",
    "seller": {
      "name": "Creative Artistry",
      "rating": 4.6
    },
    "attributes": [
      {
        "name": "Color",
        "value": "Aqua"
      },
      {
        "name": "Material",
        "value": "Canvas"
      }
    ],
    "shippingInfo": {
      "deliveryTime": "2-4 weeks",
      "shippingCost": 6.99
    }
  },
  {
    "id": "5",
    "title": "Nature-Inspired Art Print",
    "description": "A nature-inspired art print featuring trees and birds in soothing colors.",
    "category": "Art Prints",
    "price": 32.99,
    "currency": "BDT",
    "quantity": 14,
    "images": "../images/artPrints/5.jpg",
    "seller": {
      "name": "Nature's Palette",
      "rating": 4.9
    },
    "attributes": [
      {
        "name": "Color",
        "value": "Green"
      },
      {
        "name": "Material",
        "value": "Paper"
      }
    ],
    "shippingInfo": {
      "deliveryTime": "3-5 weeks",
      "shippingCost": 7.99
    }
  },
  {
    "id": "6",
    "title": "Modern Art Print Set",
    "description": "A set of three modern art prints to adorn your walls with contemporary style.",
    "category": "Art Prints",
    "price": 42.99,
    "currency": "BDT",
    "quantity": 10,
    "images": "../images/artPrints/6.jpg",
    "seller": {
      "name": "Modern Expressions",
      "rating": 4.7
    },
    "attributes": [
      {
        "name": "Color",
        "value": "Multicolor"
      },
      {
        "name": "Material",
        "value": "High-quality paper"
      }
    ],
    "shippingInfo": {
      "deliveryTime": "3-6 weeks",
      "shippingCost": 8.99
    }
  },
  {
    "id": "7",
    "title": "Lavender Scented Candle",
    "description": "A relaxing lavender-scented candle to unwind after a long day.",
    "category": "Candles & Soaps",
    "price": 12.99,
    "currency": "BDT",
    "quantity": 25,
    "images": "../images/candlesSoaps/1.jpg",
    "seller": {
      "name": "Scented Delights",
      "rating": 4.9
    },
    "attributes": [
      {
        "name": "Scent",
        "value": "Lavender"
      },
      {
        "name": "Material",
        "value": "Soy wax"
      }
    ],
    "shippingInfo": {
      "deliveryTime": "1-2 weeks",
      "shippingCost": 4.99
    }
  },
  {
    "id": "8",
    "title": "Handcrafted Soap Set",
    "description": "A set of handcrafted, all-natural soaps for a luxurious bath experience.",
    "category": "Candles & Soaps",
    "price": 15.99,
    "currency": "BDT",
    "quantity": 20,
    "images": "../images/candlesSoaps/2.jpg",
    "seller": {
      "name": "Pure Elements",
      "rating": 4.8
    },
    "attributes": [
      {
        "name": "Scent",
        "value": "Assorted"
      },
      {
        "name": "Material",
        "value": "Natural ingredients"
      }
    ],
    "shippingInfo": {
      "deliveryTime": "1-2 weeks",
      "shippingCost": 4.99
    }
  },
  {
    "id": "9",
    "title": "Beeswax Candles Set",
    "description": "A set of natural beeswax candles for a warm and cozy ambiance.",
    "category": "Candles & Soaps",
    "price": 17.99,
    "currency": "BDT",
    "quantity": 18,
    "images": "../images/candlesSoaps/3.jpg",
    "seller": {
      "name": "Beehive Crafts",
      "rating": 4.7
    },
    "attributes": [
      {
        "name": "Scent",
        "value": "Unscented"
      },
      {
        "name": "Material",
        "value": "Beeswax"
      }
    ],
    "shippingInfo": {
      "deliveryTime": "1-3 weeks",
      "shippingCost": 5.99
    }
  },
  {
    "id": "10",
    "title": "Exfoliating Bath Bombs",
    "description": "A set of exfoliating bath bombs for a spa-like bath experience at home.",
    "category": "Candles & Soaps",
    "price": 14.99,
    "currency": "BDT",
    "quantity": 22,
    "images": "../images/candlesSoaps/4.jpg",
    "seller": {
      "name": "Bath Bliss",
      "rating": 4.8
    },
    "attributes": [
      {
        "name": "Scent",
        "value": "Assorted"
      },
      {
        "name": "Material",
        "value": "Natural ingredients"
      }
    ],
    "shippingInfo": {
      "deliveryTime": "2-3 weeks",
      "shippingCost": 6.99
    }
  },
  {
    "id": "11",
    "title": "Citrus Splash Candle",
    "description": "A refreshing citrus-scented candle to brighten your space.",
    "category": "Candles & Soaps",
    "price": 13.99,
    "currency": "BDT",
    "quantity": 24,
    "images": "../images/candlesSoaps/5.jpg",
    "seller": {
      "name": "Citrus Aromas",
      "rating": 4.9
    },
    "attributes": [
      {
        "name": "Scent",
        "value": "Citrus"
      },
      {
        "name": "Material",
        "value": "Soy wax"
      }
    ],
    "shippingInfo": {
      "deliveryTime": "1-2 weeks",
      "shippingCost": 4.99
    }
  },
  {
    "id": "12",
    "title": "Organic Lavender Soap",
    "description": "A soothing organic lavender soap for a gentle and relaxing bath.",
    "category": "Candles & Soaps",
    "price": 11.99,
    "currency": "BDT",
    "quantity": 27,
    "images": "../images/candlesSoaps/6.jpg",
    "seller": {
      "name": "Organic Bliss",
      "rating": 4.7
    },
    "attributes": [
      {
        "name": "Scent",
        "value": "Lavender"
      },
      {
        "name": "Material",
        "value": "Organic ingredients"
      }
    ],
    "shippingInfo": {
      "deliveryTime": "1-2 weeks",
      "shippingCost": 4.99
    }
  },
  {
    "id": "13",
    "title": "Silver Cuff Bracelet",
    "description": "A stylish silver cuff bracelet to complement your outfits.",
    "category": "Fashion Accessories",
    "price": 19.99,
    "currency": "BDT",
    "quantity": 30,
    "images": "../images/fashionAccessories/1.jpg",
    "seller": {
      "name": "Chic Accessories",
      "rating": 4.8
    },
    "attributes": [
      {
        "name": "Color",
        "value": "Silver"
      },
      {
        "name": "Material",
        "value": "Metal"
      }
    ],
    "shippingInfo": {
      "deliveryTime": "1-2 weeks",
      "shippingCost": 4.99
    }
  },
  {
    "id": "14",
    "title": "Leather Tote Bag",
    "description": "A trendy leather tote bag for your everyday style.",
    "category": "Fashion Accessories",
    "price": 34.99,
    "currency": "BDT",
    "quantity": 18,
    "images": "../images/fashionAccessories/2.jpg",
    "seller": {
      "name": "Urban Style Co.",
      "rating": 4.7
    },
    "attributes": [
      {
        "name": "Color",
        "value": "Black"
      },
      {
        "name": "Material",
        "value": "Genuine leather"
      }
    ],
    "shippingInfo": {
      "deliveryTime": "2-3 weeks",
      "shippingCost": 6.99
    }
  },
  {
    "id": "15",
    "title": "Crystal Necklace",
    "description": "A dazzling crystal necklace to add a touch of elegance to your look.",
    "category": "Fashion Accessories",
    "price": 24.99,
    "currency": "BDT",
    "quantity": 25,
    "images": "../images/fashionAccessories/3.jpg",
    "seller": {
      "name": "Crystal Elegance",
      "rating": 4.9
    },
    "attributes": [
      {
        "name": "Color",
        "value": "Clear"
      },
      {
        "name": "Material",
        "value": "Crystal"
      }
    ],
    "shippingInfo": {
      "deliveryTime": "1-2 weeks",
      "shippingCost": 4.99
    }
  },
  {
    "id": "16",
    "title": "Silk Scarf",
    "description": "A luxurious silk scarf with a stunning print for a touch of glamour.",
    "category": "Fashion Accessories",
    "price": 29.99,
    "currency": "BDT",
    "quantity": 20,
    "images": "../images/fashionAccessories/4.jpg",
    "seller": {
      "name": "Silk Sensations",
      "rating": 4.8
    },
    "attributes": [
      {
        "name": "Color",
        "value": "Blue/Gold"
      },
      {
        "name": "Material",
        "value": "Silk"
      }
    ],
    "shippingInfo": {
      "deliveryTime": "1-3 weeks",
      "shippingCost": 5.99
    }
  },
  {
    "id": "17",
    "title": "Men's Leather Wallet",
    "description": "A classic men's leather wallet with multiple compartments.",
    "category": "Fashion Accessories",
    "price": 22.99,
    "currency": "BDT",
    "quantity": 22,
    "images": "../images/fashionAccessories/5.jpg",
    "seller": {
      "name": "LeatherCrafters",
      "rating": 4.7
    },
    "attributes": [
      {
        "name": "Color",
        "value": "Brown"
      },
      {
        "name": "Material",
        "value": "Genuine leather"
      }
    ],
    "shippingInfo": {
      "deliveryTime": "2-3 weeks",
      "shippingCost": 5.99
    }
  },
  {
    "id": "18",
    "title": "Statement Earrings",
    "description": "A pair of statement earrings to elevate your fashion game.",
    "category": "Fashion Accessories",
    "price": 16.99,
    "currency": "BDT",
    "quantity": 28,
    "images": "../images/fashionAccessories/6.jpg",
    "seller": {
      "name": "Elegant Accents",
      "rating": 4.8
    },
    "attributes": [
      {
        "name": "Color",
        "value": "Gold"
      },
      {
        "name": "Material",
        "value": "Metal"
      }
    ],
    "shippingInfo": {
      "deliveryTime": "1-2 weeks",
      "shippingCost": 4.99
    }
  },

  {
    "id": "19",
    "title": "Handblown Glass Vase",
    "description": "A stunning handblown glass vase for your floral arrangements.",
    "category": "Glasswork",
    "price": 39.99,
    "currency": "BDT",
    "quantity": 15,
    "images": "../images/glasswork/1.jpg",
    "seller": {
      "name": "Artistic Glassworks",
      "rating": 4.9
    },
    "attributes": [
      {
        "name": "Color",
        "value": "Aqua Blue"
      },
      {
        "name": "Material",
        "value": "Glass"
      }
    ],
    "shippingInfo": {
      "deliveryTime": "2-4 weeks",
      "shippingCost": 8.99
    }
  },
  {
    "id": "20",
    "title": "Stained Glass Window Panel",
    "description": "A colorful stained glass window panel to enhance your home decor.",
    "category": "Glasswork",
    "price": 54.99,
    "currency": "BDT",
    "quantity": 12,
    "images": "../images/glasswork/2.jpg",
    "seller": {
      "name": "GlassArt Creations",
      "rating": 4.7
    },
    "attributes": [
      {
        "name": "Color",
        "value": "Multicolor"
      },
      {
        "name": "Material",
        "value": "Stained glass"
      }
    ],
    "shippingInfo": {
      "deliveryTime": "3-5 weeks",
      "shippingCost": 9.99
    }
  },
  {
    "id": "21",
    "title": "Glass Sculpture",
    "description": "An exquisite glass sculpture that serves as a centerpiece for any room.",
    "category": "Glasswork",
    "price": 49.99,
    "currency": "BDT",
    "quantity": 14,
    "images": "../images/glasswork/3.jpg",
    "seller": {
      "name": "Glass Masterpieces",
      "rating": 4.8
    },
    "attributes": [
      {
        "name": "Color",
        "value": "Clear"
      },
      {
        "name": "Material",
        "value": "Art glass"
      }
    ],
    "shippingInfo": {
      "deliveryTime": "2-4 weeks",
      "shippingCost": 8.99
    }
  },
  {
    "id": "22",
    "title": "Crystal Wine Glasses",
    "description": "A set of elegant crystal wine glasses for special occasions.",
    "category": "Glasswork",
    "price": 44.99,
    "currency": "BDT",
    "quantity": 16,
    "images": "../images/glasswork/4.jpg",
    "seller": {
      "name": "Crystal Elegance",
      "rating": 4.9
    },
    "attributes": [
      {
        "name": "Color",
        "value": "Clear"
      },
      {
        "name": "Material",
        "value": "Crystal"
      }
    ],
    "shippingInfo": {
      "deliveryTime": "2-3 weeks",
      "shippingCost": 7.99
    }
  },
  {
    "id": "23",
    "title": "Handwoven Wall Tapestry",
    "description": "A beautiful handwoven wall tapestry to adorn your living space.",
    "category": "Home Decor",
    "price": 49.99,
    "currency": "BDT",
    "quantity": 12,
    "images": "../images/homeDecor/1.jpg",
    "seller": {
      "name": "Artistic Weavings",
      "rating": 4.9
    },
    "attributes": [
      {
        "name": "Color",
        "value": "Multicolor"
      },
      {
        "name": "Material",
        "value": "Cotton"
      }
    ],
    "shippingInfo": {
      "deliveryTime": "2-4 weeks",
      "shippingCost": 8.99
    }
  },
  {
    "id": "24",
    "title": "Decorative Throw Pillows",
    "description": "A set of decorative throw pillows to add comfort and style to your sofa.",
    "category": "Home Decor",
    "price": 29.99,
    "currency": "BDT",
    "quantity": 18,
    "images": "../images/homeDecor/2.jpg",
    "seller": {
      "name": "Pillow Artisans",
      "rating": 4.7
    },
    "attributes": [
      {
        "name": "Color",
        "value": "Blue/Green"
      },
      {
        "name": "Material",
        "value": "Cotton"
      }
    ],
    "shippingInfo": {
      "deliveryTime": "2-3 weeks",
      "shippingCost": 7.99
    }
  },
  {
    "id": "25",
    "title": "Wooden Wall Clock",
    "description": "A rustic wooden wall clock to enhance the charm of your home.",
    "category": "Home Decor",
    "price": 34.99,
    "currency": "BDT",
    "quantity": 16,
    "images": "../images/homeDecor/3.jpg",
    "seller": {
      "name": "Timeless Treasures",
      "rating": 4.8
    },
    "attributes": [
      {
        "name": "Color",
        "value": "Natural Wood"
      },
      {
        "name": "Material",
        "value": "Wood"
      }
    ],
    "shippingInfo": {
      "deliveryTime": "2-4 weeks",
      "shippingCost": 8.99
    }
  },
  {
    "id": "26",
    "title": "Ceramic Plant Pots",
    "description": "A set of ceramic plant pots to showcase your favorite houseplants.",
    "category": "Home Decor",
    "price": 27.99,
    "currency": "BDT",
    "quantity": 20,
    "images": "../images/homeDecor/4.jpg",
    "seller": {
      "name": "Artful Gardens",
      "rating": 4.9
    },
    "attributes": [
      {
        "name": "Color",
        "value": "Terracotta"
      },
      {
        "name": "Material",
        "value": "Ceramic"
      }
    ],
    "shippingInfo": {
      "deliveryTime": "2-3 weeks",
      "shippingCost": 7.99
    }
  },
  {
    "id": "27",
    "title": "Modern Wall Art Prints",
    "description": "A set of modern wall art prints to transform your walls into a gallery.",
    "category": "Home Decor",
    "price": 39.99,
    "currency": "BDT",
    "quantity": 14,
    "images": "../images/homeDecor/5.jpg",
    "seller": {
      "name": "Artful Expressions",
      "rating": 4.8
    },
    "attributes": [
      {
        "name": "Color",
        "value": "Assorted"
      },
      {
        "name": "Material",
        "value": "Paper"
      }
    ],
    "shippingInfo": {
      "deliveryTime": "2-4 weeks",
      "shippingCost": 8.99
    }
  },
  {
    "id": "28",
    "title": "Rattan Wall Mirror",
    "description": "A stylish rattan wall mirror to add depth and elegance to your space.",
    "category": "Home Decor",
    "price": 42.99,
    "currency": "BDT",
    "quantity": 13,
    "images": "../images/homeDecor/6.jpg",
    "seller": {
      "name": "Reflective Designs",
      "rating": 4.7
    },
    "attributes": [
      {
        "name": "Color",
        "value": "Natural Rattan"
      },
      {
        "name": "Material",
        "value": "Rattan"
      }
    ],
    "shippingInfo": {
      "deliveryTime": "2-4 weeks",
      "shippingCost": 8.99
    }
  },
  {
    "id": "29",
    "title": "Handcrafted Silver Necklace",
    "description": "A stunning handcrafted silver necklace with intricate details.",
    "category": "Jewelry Handcraft",
    "price": 69.99,
    "currency": "BDT",
    "quantity": 10,
    "images": "../images/jewelryHandcraft/1.jpg",
    "seller": {
      "name": "Artisan Creations",
      "rating": 4.9
    },
    "attributes": [
      {
        "name": "Color",
        "value": "Silver"
      },
      {
        "name": "Material",
        "value": "Silver"
      }
    ],
    "shippingInfo": {
      "deliveryTime": "2-3 weeks",
      "shippingCost": 7.99
    }
  },
  {
    "id": "30",
    "title": "Gemstone Earrings",
    "description": "Exquisite gemstone earrings handcrafted to perfection.",
    "category": "Jewelry Handcraft",
    "price": 54.99,
    "currency": "BDT",
    "quantity": 15,
    "images": "../images/jewelryHandcraft/2.jpg",
    "seller": {
      "name": "Gemstone Artistry",
      "rating": 4.8
    },
    "attributes": [
      {
        "name": "Color",
        "value": "Amethyst"
      },
      {
        "name": "Material",
        "value": "Gemstone"
      }
    ],
    "shippingInfo": {
      "deliveryTime": "2-4 weeks",
      "shippingCost": 8.99
    }
  },
  {
    "id": "31",
    "title": "Leather and Brass Bracelet",
    "description": "A stylish leather and brass bracelet handcrafted for a unique look.",
    "category": "Jewelry Handcraft",
    "price": 44.99,
    "currency": "BDT",
    "quantity": 12,
    "images": "../images/jewelryHandcraft/3.jpg",
    "seller": {
      "name": "Crafted Adornments",
      "rating": 4.7
    },
    "attributes": [
      {
        "name": "Color",
        "value": "Brown"
      },
      {
        "name": "Material",
        "value": "Leather, Brass"
      }
    ],
    "shippingInfo": {
      "deliveryTime": "2-3 weeks",
      "shippingCost": 7.99
    }
  },
  {
    "id": "32",
    "title": "Enamel Flower Brooch",
    "description": "A delicate enamel flower brooch handcrafted for a touch of elegance.",
    "category": "Jewelry Handcraft",
    "price": 32.99,
    "currency": "BDT",
    "quantity": 18,
    "images": "../images/jewelryHandcraft/4.jpg",
    "seller": {
      "name": "Enamel Delights",
      "rating": 4.8
    },
    "attributes": [
      {
        "name": "Color",
        "value": "Pink"
      },
      {
        "name": "Material",
        "value": "Enamel"
      }
    ],
    "shippingInfo": {
      "deliveryTime": "2-4 weeks",
      "shippingCost": 8.99
    }
  },
  {
    "id": "33",
    "title": "Wood and Resin Pendant",
    "description": "A unique wood and resin pendant handcrafted for a natural look.",
    "category": "Jewelry Handcraft",
    "price": 49.99,
    "currency": "BDT",
    "quantity": 14,
    "images": "../images/jewelryHandcraft/5.jpg",
    "seller": {
      "name": "Nature's Artisans",
      "rating": 4.9
    },
    "attributes": [
      {
        "name": "Color",
        "value": "Wooden"
      },
      {
        "name": "Material",
        "value": "Wood, Resin"
      }
    ],
    "shippingInfo": {
      "deliveryTime": "2-3 weeks",
      "shippingCost": 7.99
    }
  },
  {
    "id": "34",
    "title": "Copper Wire Ring",
    "description": "A handcrafted copper wire ring with a unique design.",
    "category": "Jewelry Handcraft",
    "price": 19.99,
    "currency": "BDT",
    "quantity": 20,
    "images": "../images/jewelryHandcraft/6.jpg",
    "seller": {
      "name": "Copper Creations",
      "rating": 4.7
    },
    "attributes": [
      {
        "name": "Color",
        "value": "Copper"
      },
      {
        "name": "Material",
        "value": "Copper"
      }
    ],
    "shippingInfo": {
      "deliveryTime": "2-3 weeks",
      "shippingCost": 7.99
    }
  },
  {
    "id": "35",
    "title": "Handcrafted Lavender Soap",
    "description": "Handcrafted lavender soap for a soothing and relaxing bath experience.",
    "category": "Personal Care Products",
    "price": 8.99,
    "currency": "BDT",
    "quantity": 20,
    "images": "../images/personalCareProducts/1.jpg",
    "seller": {
      "name": "Nature's Touch",
      "rating": 4.8
    },
    "attributes": [
      {
        "name": "Scent",
        "value": "Lavender"
      },
      {
        "name": "Ingredients",
        "value": "Coconut oil, Lavender extract"
      }
    ],
    "shippingInfo": {
      "deliveryTime": "2-3 weeks",
      "shippingCost": 4.99
    }
  },
  {
    "id": "36",
    "title": "Organic Rosewater Toner",
    "description": "Organic rosewater toner to refresh and hydrate your skin naturally.",
    "category": "Personal Care Products",
    "price": 12.99,
    "currency": "BDT",
    "quantity": 15,
    "images": "../images/personalCareProducts/2.jpg",
    "seller": {
      "name": "Organic Beauty",
      "rating": 4.9
    },
    "attributes": [
      {
        "name": "Scent",
        "value": "Rose"
      },
      {
        "name": "Ingredients",
        "value": "Organic rosewater"
      }
    ],
    "shippingInfo": {
      "deliveryTime": "2-4 weeks",
      "shippingCost": 5.99
    }
  },
  {
    "id": "37",
    "title": "Handmade Shea Butter Lotion",
    "description": "Handmade shea butter lotion for deep moisturization and soft skin.",
    "category": "Personal Care Products",
    "price": 14.99,
    "currency": "BDT",
    "quantity": 18,
    "images": "../images/personalCareProducts/3.jpg",
    "seller": {
      "name": "Shea Beauty Essentials",
      "rating": 4.7
    },
    "attributes": [
      {
        "name": "Scent",
        "value": "Unscented"
      },
      {
        "name": "Ingredients",
        "value": "Shea butter, Almond oil"
      }
    ],
    "shippingInfo": {
      "deliveryTime": "2-3 weeks",
      "shippingCost": 5.99
    }
  },
  {
    "id": "38",
    "title": "Natural Hair Shampoo",
    "description": "A natural hair shampoo with gentle cleansing and nourishing properties.",
    "category": "Personal Care Products",
    "price": 10.99,
    "currency": "BDT",
    "quantity": 22,
    "images": "../images/personalCareProducts/4.jpg",
    "seller": {
      "name": "Naturally Clean",
      "rating": 4.8
    },
    "attributes": [
      {
        "name": "Scent",
        "value": "Herbal"
      },
      {
        "name": "Ingredients",
        "value": "Aloe vera, Herbal extracts"
      }
    ],
    "shippingInfo": {
      "deliveryTime": "2-4 weeks",
      "shippingCost": 4.99
    }
  },
  {
    "id": "39",
    "title": "Botanical Face Mask",
    "description": "A botanical face mask infused with natural herbs for radiant skin.",
    "category": "Personal Care Products",
    "price": 9.99,
    "currency": "BDT",
    "quantity": 19,
    "images": "../images/personalCareProducts/5.jpg",
    "seller": {
      "name": "Botanical Beauty",
      "rating": 4.9
    },
    "attributes": [
      {
        "name": "Scent",
        "value": "Herbal"
      },
      {
        "name": "Ingredients",
        "value": "Herbal extracts, Clay"
      }
    ],
    "shippingInfo": {
      "deliveryTime": "2-3 weeks",
      "shippingCost": 4.99
    }
  },
  {
    "id": "40",
    "title": "Handcrafted Ceramic Vase",
    "description": "A beautifully handcrafted ceramic vase to display your favorite flowers.",
    "category": "Pottery Ceramics",
    "price": 39.99,
    "currency": "BDT",
    "quantity": 10,
    "images": "../images/potteryCeramics/1.jpg",
    "seller": {
      "name": "Ceramic Creations",
      "rating": 4.8
    },
    "attributes": [
      {
        "name": "Color",
        "value": "White"
      },
      {
        "name": "Material",
        "value": "Ceramic"
      }
    ],
    "shippingInfo": {
      "deliveryTime": "2-3 weeks",
      "shippingCost": 6.99
    }
  },
  {
    "id": "41",
    "title": "Artistic Stoneware Bowl",
    "description": "An artistic stoneware bowl for serving or decoration.",
    "category": "Pottery Ceramics",
    "price": 29.99,
    "currency": "BDT",
    "quantity": 14,
    "images": "../images/potteryCeramics/2.jpg",
    "seller": {
      "name": "Stoneware Expressions",
      "rating": 4.7
    },
    "attributes": [
      {
        "name": "Color",
        "value": "Earthy Tones"
      },
      {
        "name": "Material",
        "value": "Stoneware"
      }
    ],
    "shippingInfo": {
      "deliveryTime": "2-4 weeks",
      "shippingCost": 7.99
    }
  },
  {
    "id": "42",
    "title": "Handmade Ceramic Plates",
    "description": "A set of handmade ceramic plates for your dining table.",
    "category": "Pottery Ceramics",
    "price": 34.99,
    "currency": "BDT",
    "quantity": 12,
    "images": "../images/potteryCeramics/3.jpg",
    "seller": {
      "name": "Artistic Plates",
      "rating": 4.9
    },
    "attributes": [
      {
        "name": "Color",
        "value": "Blue"
      },
      {
        "name": "Material",
        "value": "Ceramic"
      }
    ],
    "shippingInfo": {
      "deliveryTime": "2-3 weeks",
      "shippingCost": 6.99
    }
  },
  {
    "id": "43",
    "title": "Clay Teapot Set",
    "description": "A clay teapot set with cups for a traditional tea experience.",
    "category": "Pottery Ceramics",
    "price": 49.99,
    "currency": "BDT",
    "quantity": 16,
    "images": "../images/potteryCeramics/4.jpg",
    "seller": {
      "name": "Tea Lovers' Pottery",
      "rating": 4.8
    },
    "attributes": [
      {
        "name": "Color",
        "value": "Terracotta"
      },
      {
        "name": "Material",
        "value": "Clay"
      }
    ],
    "shippingInfo": {
      "deliveryTime": "2-4 weeks",
      "shippingCost": 7.99
    }
  },
  {
    "id": "44",
    "title": "Ceramic Candle Holders",
    "description": "A set of ceramic candle holders for creating a warm and cozy atmosphere.",
    "category": "Pottery Ceramics",
    "price": 24.99,
    "currency": "BDT",
    "quantity": 18,
    "images": "../images/potteryCeramics/5.jpg",
    "seller": {
      "name": "Candlelight Ceramics",
      "rating": 4.7
    },
    "attributes": [
      {
        "name": "Color",
        "value": "Cream"
      },
      {
        "name": "Material",
        "value": "Ceramic"
      }
    ],
    "shippingInfo": {
      "deliveryTime": "2-3 weeks",
      "shippingCost": 6.99
    }
  },
  {
    "id": "45",
    "title": "Raku Pottery Sculpture",
    "description": "A unique Raku pottery sculpture for art lovers and collectors.",
    "category": "Pottery Ceramics",
    "price": 59.99,
    "currency": "BDT",
    "quantity": 14,
    "images": "../images/potteryCeramics/6.jpg",
    "seller": {
      "name": "Raku Artistry",
      "rating": 4.9
    },
    "attributes": [
      {
        "name": "Color",
        "value": "Raku Finish"
      },
      {
        "name": "Material",
        "value": "Raku Clay"
      }
    ],
    "shippingInfo": {
      "deliveryTime": "2-4 weeks",
      "shippingCost": 7.99
    }
  },
  {
    "id": "46",
    "title": "Handwoven Cotton Blanket",
    "description": "A handwoven cotton blanket with intricate patterns for warmth and comfort.",
    "category": "Textiles",
    "price": 49.99,
    "currency": "BDT",
    "quantity": 10,
    "images": "../images/textiles/1.jpg",
    "seller": {
      "name": "Cotton Crafters",
      "rating": 4.8
    },
    "attributes": [
      {
        "name": "Color",
        "value": "Multicolor"
      },
      {
        "name": "Material",
        "value": "Cotton"
      }
    ],
    "shippingInfo": {
      "deliveryTime": "2-3 weeks",
      "shippingCost": 6.99
    }
  },
  {
    "id": "47",
    "title": "Traditional Silk Scarf",
    "description": "A traditional silk scarf with vibrant colors and intricate designs.",
    "category": "Textiles",
    "price": 24.99,
    "currency": "BDT",
    "quantity": 15,
    "images": "../images/textiles/2.jpg",
    "seller": {
      "name": "Silk Artisans",
      "rating": 4.9
    },
    "attributes": [
      {
        "name": "Color",
        "value": "Red & Gold"
      },
      {
        "name": "Material",
        "value": "Silk"
      }
    ],
    "shippingInfo": {
      "deliveryTime": "2-4 weeks",
      "shippingCost": 5.99
    }
  },
  {
    "id": "48",
    "title": "Embroidered Table Runner",
    "description": "An embroidered table runner with delicate patterns for a stylish dining table.",
    "category": "Textiles",
    "price": 18.99,
    "currency": "BDT",
    "quantity": 20,
    "images": "../images/textiles/3.jpg",
    "seller": {
      "name": "Embroidery Expressions",
      "rating": 4.7
    },
    "attributes": [
      {
        "name": "Color",
        "value": "Blue & White"
      },
      {
        "name": "Material",
        "value": "Cotton"
      }
    ],
    "shippingInfo": {
      "deliveryTime": "2-3 weeks",
      "shippingCost": 5.99
    }
  },
  {
    "id": "49",
    "title": "Handmade Quilt Set",
    "description": "A handmade quilt set with patchwork patterns for a cozy bedroom.",
    "category": "Textiles",
    "price": 64.99,
    "currency": "BDT",
    "quantity": 18,
    "images": "../images/textiles/4.jpg",
    "seller": {
      "name": "Quilt Craftsmen",
      "rating": 4.8
    },
    "attributes": [
      {
        "name": "Color",
        "value": "Patchwork"
      },
      {
        "name": "Material",
        "value": "Cotton"
      }
    ],
    "shippingInfo": {
      "deliveryTime": "2-4 weeks",
      "shippingCost": 6.99
    }
  },
  {
    "id": "50",
    "title": "Handcrafted Pillow Covers",
    "description": "A set of handcrafted pillow covers with traditional motifs for home decor.",
    "category": "Textiles",
    "price": 22.99,
    "currency": "BDT",
    "quantity": 16,
    "images": "../images/textiles/5.jpg",
    "seller": {
      "name": "Decorative Textiles",
      "rating": 4.9
    },
    "attributes": [
      {
        "name": "Color",
        "value": "Multicolor"
      },
      {
        "name": "Material",
        "value": "Cotton"
      }
    ],
    "shippingInfo": {
      "deliveryTime": "2-3 weeks",
      "shippingCost": 5.99
    }
  },
  {
    "id": "51",
    "title": "Bamboo Fiber Towels",
    "description": "Eco-friendly bamboo fiber towels for a sustainable and soft bathroom experience.",
    "category": "Textiles",
    "price": 14.99,
    "currency": "BDT",
    "quantity": 22,
    "images": "../images/textiles/6.jpg",
    "seller": {
      "name": "Bamboo Comfort",
      "rating": 4.7
    },
    "attributes": [
      {
        "name": "Color",
        "value": "White"
      },
      {
        "name": "Material",
        "value": "Bamboo Fiber"
      }
    ],
    "shippingInfo": {
      "deliveryTime": "2-3 weeks",
      "shippingCost": 4.99
    }
  }
]
